ENM_CNRA_SI_CCD_C16A005,ieatenmc16a005,single-instance
ENM_CNRA_CCD_C16B004,ieatenmc16b004,single-instance
ENM_CNRA_CCD_C16B006,ieatenmc16b006,single-instance
ENM_CNRA_SI_CCD_C15A003,ieatenmc15a003,single-instance
ENM_CNRA_SI_CCD_C16A002,ieatenmc16a002,single-instance
ENM_CNRA_SI_CCD_C16A004,ieatenmc16a004,single-instance
ENM_CNRA_SI_CCD_C16A006,ieatenmc16a006,single-instance
ENM_CNRA_SI_CCD_C16A007,ieatenmc16a007,single-instance
ENM_CNRA_SI_CCD_C16A010,ieatenmc16a010,single-instance
ENM_CNRA_SI_CCD_C16A020,ieatenmc16a020,single-instance
ENM_CNRA_SI_CCD_C16A021,ieatenmc16a021,single-instance
ENM_CNRA_SI_CCD_C16A022,ieatenmc16a022,single-instance
ENM_CNRA_SI_CCD_C16A039,ieatenmc16a039,single-instance
ENM_CNRA_CCD_C16B014,ieatenmc16b014,multi-instance
ENM_CNRA_SI_CCD_C16C002,ieatenmc16c002,single-instance
ENM_CNRA_SI_CCD_C16C004,ieatenmc16c004,single-instance
ENM_CNRA_SI_CCD_C16C006,ieatenmc16c006,single-instance
DETS_ELEMENTALS_CCD_C16A028,ieatenmc16a028,multi-instance
ENM_ST_CCD_C16A037,ieatenmc16a037,multi-instance
ENM_Pathfinders_CCD_C11A020,ieatenmc11a020,multi-instance
ENM_CNRA_CCD_C11a021,ieatenmc11a021,multi-instance
ENM_Pathfinders_CCD_C11A023,ieatenmc11a023,multi-instance
ENM_CNRA_SI_FLEX5955,flexcenm5955,single-instance
ENM_CNRA_SI_CCD_C11A008,ieatenmc11a008,single-instance
ENM_LooneyTunes_CCD_C11A019,ieatenmc11a019,multi-instance
ENM_CNRA_CCD_C16B016,ieatenmc16b016,multi-instance
ENM_CNRA_SI_FLEX6698,flexcenm6698,single-instance
ENM_CNRA_SI_FLEX6639,flexcenm6639,single-instance
ENM_CNRA_SI_FLEX6648,flexcenm6648,single-instance
ENM_CNRA_SI_FLEX6689,flexcenm6689,single-instance
ENM_CNRA_SI_FLEX6692,flexcenm6692,single-instance
ENM_CNRA_SI_FLEX6694,flexcenm6694,single-instance
ENM_CNRA_SI_FLEX6699,flexcenm6699,single-instance
ENM_CNRA_MI_EVNFM_FLEX6809,flexcenm6809,multi-instance
ENM_CNRA_SI_FLEX6881,flexcenm6881,single-instance
ENM_CNRA_CCD_C11A027,ieatenmc11a027,multi-instance
ENM_CNRA_CCD_C16B018,ieatenmc16b018,multi-instance
ENM_CNRA_SI_FLEX7018,flexcenm7018,single-instance
ENM_CNRA_CCD_C11A029,ieatenmc11a029,multi-instance
ENM_CNRA_SI_FLEX7780,flexcenm7780,single-instance
ENM_NetworkServices_SI_CCD_C16B020,ieatenmc16b020,single-instance
ENM_CNRA_SI_FLEX8139,flexcenm8139,single-instance
ENM_CNRA_SI_FLEX8140,flexcenm8140,single-instance
ENM_CNRA_SI_FLEX8142,flexcenm8142,single-instance
ENM_CNRA_SI_FLEX8145,flexcenm8145,single-instance
ENM_CNRA_SI_FLEX8146,flexcenm8146,single-instance
ENM_CNRA_SI_FLEX8271,flexcenm8271,single-instance
ENM_CNRA_SI_FLEX8355,flexcenm8355,single-instance
ENM_CNRA_SI_CCD_C15A007,ieatenmc15a007,single-instance
ENM_CNRA_SI_CCD_C15A005,ieatenmc15a005,single-instance
ENM_CNRA_SI_FLEX9178,flexcenm9178,single-instance
ENM_CNRA_SI_FLEX9179,flexcenm9179,single-instance
ENM_CNRA_SI_FLEX9129,flexcenm9129,single-instance
ENM_CNRA_MI_FLEX8592,flexcenm8592,multi-instance
ENM_CNRA_MI_EVNFM_FLEX8590,flexcenm8590,multi-instance
ENM_CNRA_SI_FLEX10163,flexcenm10163,single-instance
ENM_CNRA_SI_FLEX10176,flexcenm10176,single-instance
ENM_CNRA_SI_FLEX10599,flexcenm10599,single-instance
ENM_CNRA_SI_FLEX13227,flexcenm13227,single-instance
ENM_CNRA_SI_CCD_C15A011,ieatenmc15a011,single-instance
Flexikube_Atlantis_SERO_FLEX14182,flexcenm14182,single-instance
Flexikube_Atlantis_SELI_FLEX14424,flexcenm14424,single-instance
ENM_CNRA_SI_FLEX14594,flexcenm14594,single-instance
ENM_CNRA_SI_FLEX14618,flexcenm14618,single-instance
Stackcentric_CCD_C13A010,ieatenmc13a010,single-instance
ENM_AO_Oasis_CCD_C15A017,ieatenmc15a017,multi-instance
ENM_CNRA_CCD_C15A021,ieatenmc15a021,single-instance
ENM_CNRA_CCD_C16B022,ieatenmc16b022,single-instance
ENM_AO_CBRS_CCD_C13A012,ieatenmc13a012,single-instance
ENM_CNRA_SI_CCD_C16A050,ieatenmc16a050,single-instance
ENM_CNRA_SI_CCD_C15A012,ieatenmc15a012,single-instance
StackCentric_CCD_CDevA003,ieatenmcdeva003,single-instance
ENM_CNRA_SI_CCD_C16A041,ieatenmc16a041,single-instance
ENM_CNRA_SI_CCD_C16C010,ieatenmc16c010,single-instance
ENM_CNRA_SI_CCD_C17C003,ieatenmc17c003,single-instance
ENM_CNRA_SI_CCD_C17C004,ieatenmc17c004,single-instance
ENM_CNRA_SI_CCD_C17C005,ieatenmc17c005,single-instance
ENM_CNRA_SI_CCD_C17C006,ieatenmc17c006,single-instance
ENM_CNRA_SI_CCD_C17C007,ieatenmc17c007,single-instance
ENM_CNRA_SI_CCD_C17C008,ieatenmc17c008,single-instance
ENM_CNRA_SI_CCD_C17C009,ieatenmc17c009,single-instance
ENM_CNRA_SI_CCD_C17C010,ieatenmc17c010,single-instance
ENM_CNRA_SI_CCD_C17C011,ieatenmc17c011,single-instance
ENM_CNRA_SI_CCD_C17C012,ieatenmc17c012,single-instance
ENM_CNRA_SI_CCD_C17C013,ieatenmc17c013,single-instance
ENM_CNRA_MI_CCD_C17C014,ieatenmc17c014,multi-instance
ENM_SCA_SI_CCD_C17C015,ieatenmc17c015,single-instance
ENM_SCA_SI_CCD_C17C016,ieatenmc17c016,single-instance
